date,code,open,high,low,close,volume
2022-02-07,sh.603259,100.8161875000,102.4948942500,97.5713130000,98.0027125000,17891129
2022-02-08,sh.603259,89.0933750000,89.0933750000,88.2024412500,88.2118195000,41741810
2022-02-09,sh.603259,87.2177250000,88.0430110000,83.9353375000,86.9645122500,58723395
2022-02-10,sh.603259,85.6328007500,85.9797960000,79.7151250000,80.5216545000,80820052
2022-02-11,sh.603259,78.8710825000,80.8874062500,76.7328415000,77.9051227500,61654897
2022-02-14,sh.603259,77.2767800000,81.2719145000,77.2767800000,79.9964725000,51068153
2022-02-15,sh.603259,80.0058507500,87.9961197500,79.7713945000,87.9961197500,61659254
2022-02-16,sh.603259,90.1249825000,93.7825000000,90.0312000000,91.6536372500,59523887
2022-02-17,sh.603259,91.2785072500,92.9665922500,89.8623915000,92.2819800000,30201181
2022-02-18,sh.603259,92.0662802500,92.6571100000,89.5622875000,92.1413062500,21370349
2022-02-21,sh.603259,94.9078900000,95.7613107500,90.5657602500,92.0944150000,20408652
2022-02-22,sh.603259,90.9690250000,92.1413062500,89.2152922500,90.7814600000,19925664
2022-02-23,sh.603259,90.8471077500,94.3639515000,90.5001125000,93.4636395000,20501785
2022-02-24,sh.603259,92.8446750000,96.5959750000,90.9690250000,92.5633275000,29269225
2022-02-25,sh.603259,94.4108427500,99.5970150000,94.4108427500,96.9711050000,35331785
2022-02-28,sh.603259,97.0648875000,98.7998637500,96.0707930000,97.4681522500,18460031
2022-03-01,sh.603259,98.1527645000,100.2816272500,96.5021925000,99.1749937500,18779656
2022-03-02,sh.603259,98.4716250000,98.8279985000,96.1270625000,97.2712090000,18034013
2022-03-03,sh.603259,98.4716250000,98.4810032500,94.7672162500,96.3990317500,14154843
2022-03-04,sh.603259,94.2983037500,96.7272705000,93.2291832500,95.5737457500,18374954
2022-03-07,sh.603259,94.4014645000,94.6171642500,91.3535332500,92.9384575000,20440349
2022-03-08,sh.603259,93.5386655000,96.5865967500,91.5129635000,92.0756585000,21135287
2022-03-09,sh.603259,92.0006325000,92.7977837500,83.0912950000,87.9679850000,40698495
2022-03-10,sh.603259,93.5949350000,96.7647835000,93.2198050000,96.2489797500,36434288
2022-03-11,sh.603259,93.7074740000,94.7203250000,89.4778832500,92.5727057500,35493540
2022-03-14,sh.603259,91.6255025000,94.2514125000,89.8436350000,90.6220297500,23854095
2022-03-15,sh.603259,87.2177250000,92.0569020000,85.3514532500,87.3771552500,31989210
2022-03-16,sh.603259,89.1121315000,96.0332800000,88.2587107500,95.2548852500,40315476
2022-03-17,sh.603259,99.4000717500,102.4104900000,97.5338000000,100.2628707500,45039883
2022-03-18,sh.603259,99.7658235000,99.7658235000,96.8867007500,97.1774265000,29234823
2022-03-21,sh.603259,99.7189322500,100.5348400000,96.7178922500,99.1281025000,20552098
2022-03-22,sh.603259,98.3778425000,99.1187242500,95.7425542500,96.5209490000,17682656
2022-03-23,sh.603259,97.7213650000,104.2298705000,96.9617267500,103.5171235000,30573479
2022-03-24,sh.603259,102.0634947500,112.5108652500,99.5313672500,109.7255250000,49375524
2022-03-25,sh.603259,108.7877000000,110.6633500000,102.5511637500,103.0294545000,37596957
2022-03-28,sh.603259,102.6543245000,105.9085772500,102.0822512500,104.4455702500,25410793
2022-03-29,sh.603259,104.4268137500,106.4243810000,103.1607500000,104.8207002500,16222471
2022-03-30,sh.603259,105.0364000000,107.2215322500,103.7140667500,106.3962462500,19215343
2022-03-31,sh.603259,106.3868680000,106.7244850000,102.9731850000,105.3927735000,19035298
2022-04-01,sh.603259,103.2076412500,104.0516837500,100.7130267500,102.2885727500,19721377
2022-04-06,sh.603259,105.0364000000,105.7116340000,100.1315752500,101.3695042500,18235791
2022-04-07,sh.603259,99.8783625000,102.5042725000,99.2312632500,100.1690882500,14332075
2022-04-08,sh.603259,100.2347360000,101.7821472500,97.3462350000,98.4716250000,17289697
2022-04-11,sh.603259,98.0777385000,99.9064972500,96.5959750000,97.3274785000,23309356
2022-04-12,sh.603259,97.3462350000,100.2910055000,96.2771145000,99.7939582500,26265349
2022-04-13,sh.603259,98.6591900000,98.6591900000,93.6043132500,95.4518285000,23320252
2022-04-14,sh.603259,96.4834360000,100.5348400000,95.4705850000,99.7189322500,18532972
2022-04-15,sh.603259,98.4716250000,104.4361920000,97.5338000000,102.3260857500,18039212
2022-04-18,sh.603259,101.0975350000,102.4011117500,99.9721450000,100.4410575000,9662288
2022-04-19,sh.603259,100.3472750000,101.2757217500,95.6675282500,96.3802752500,15120295
2022-04-20,sh.603259,96.3802752500,98.1902775000,93.2666962500,94.5984077500,16525193
2022-04-21,sh.603259,93.6699610000,95.1892375000,89.8905262500,90.6126515000,25444047
2022-04-22,sh.603259,90.5001125000,95.8832280000,89.7310960000,95.2830200000,22879869
2022-04-25,sh.603259,93.7825000000,96.1270625000,91.7192850000,91.7849327500,18798272
2022-04-26,sh.603259,92.3757625000,98.8092420000,92.3757625000,96.0801712500,26308179
2022-04-27,sh.603259,95.6581500000,98.3590860000,93.7825000000,97.5806912500,20192379
2022-04-28,sh.603259,97.6838520000,97.9839560000,95.1704810000,96.8585660000,13008617
2022-04-29,sh.603259,96.1176842500,97.8995517500,93.9137955000,96.8116747500,19750798
2022-05-05,sh.603259,96.6991357500,97.2524525000,90.8752425000,91.9537412500,31040602
2022-05-06,sh.603259,90.0780912500,91.3253985000,88.2024412500,88.5306800000,19119570
2022-05-09,sh.603259,88.2024412500,89.5622875000,87.4240465000,87.8085547500,10944824
2022-05-10,sh.603259,86.2423870000,92.5164362500,85.5108835000,91.4191810000,20903623
2022-05-11,sh.603259,91.3441550000,96.5021925000,90.1343607500,94.3920862500,24960839
2022-05-12,sh.603259,93.7731217500,95.5643675000,92.8540532500,94.9829160000,11719545
2022-05-13,sh.603259,96.0426582500,96.9711050000,93.9981997500,94.6171642500,8991246
2022-05-16,sh.603259,93.8293912500,95.6581500000,92.1037932500,92.6664882500,12427981
2022-05-17,sh.603259,92.6008405000,93.3323440000,90.9690250000,93.1916702500,13144518
2022-05-18,sh.603259,93.5949350000,93.6605827500,87.4334247500,90.3313040000,26942441
2022-05-19,sh.603259,88.5119235000,90.4063300000,88.3900062500,89.9467957500,12864641
2022-05-20,sh.603259,90.6782992500,93.7731217500,90.2937910000,92.3945190000,18722031
2022-05-23,sh.603259,92.9384575000,93.1822920000,91.0628075000,91.4473157500,11287742
2022-05-24,sh.603259,91.4566940000,91.4566940000,85.9047700000,86.5143562500,29853272
2022-05-25,sh.603259,86.3643042500,87.2083467500,84.9669450000,85.6515572500,18287878
2022-05-26,sh.603259,86.6925430000,86.6925430000,81.7126922500,82.6223825000,32921377
2022-05-27,sh.603259,84.4980325000,90.0312000000,84.4042500000,86.7300560000,47462707
2022-05-30,sh.603259,86.7488125000,87.9679850000,84.6387062500,87.0301600000,22202622
2022-05-31,sh.603259,87.1239425000,90.4625995000,85.1826447500,89.3841007500,33035270
2022-06-01,sh.603259,89.0933750000,90.0687130000,87.1708337500,87.6397462500,24693439
2022-06-02,sh.603259,86.6644082500,87.0770512500,84.2917110000,85.0044580000,35818189
2022-06-06,sh.603259,87.0770512500,92.9384575000,85.5390182500,92.8259185000,48722073
2022-06-07,sh.603259,92.8352967500,95.5643675000,91.2409942500,94.1951430000,38691949
2022-06-08,sh.603259,95.6581500000,101.0037525000,95.0110507500,98.4716250000,47714816
2022-06-09,sh.603259,98.5659179400,99.6120851700,96.2379602300,96.7186316600,21496490
2022-06-10,sh.603259,95.6630395000,97.2370028100,94.9373198900,96.9165551900,22780348
2022-06-13,sh.603259,89.7347585300,91.1296481700,87.2277271500,87.6518490000,69299620
2022-06-14,sh.603259,85.7762879300,89.6216593700,85.7762879300,89.0655885000,35756744
2022-06-15,sh.603259,88.5943420000,91.6951439700,88.3964184700,90.1306055900,28137053
2022-06-16,sh.603259,90.4793280000,92.5151128800,89.5462599300,90.1777302400,21319686
2022-06-17,sh.603259,90.1588803800,91.4218210000,87.6518490000,90.4793280000,29527364
2022-06-20,sh.603259,90.4793280000,93.7780535000,90.4793280000,92.2700647000,24870399
2022-06-21,sh.603259,92.8355605000,93.6461044800,90.9222997100,92.0627162400,20299304
2022-06-22,sh.603259,92.3454641400,92.3454641400,87.8309226700,88.3587187500,32491108
2022-06-23,sh.603259,88.4152683300,89.3483364000,87.1334778500,89.0278887800,25590277
2022-06-24,sh.603259,89.6310843000,96.9165551900,89.5933845800,96.7657563100,53899685
2022-06-27,sh.603259,98.1135213000,100.7619266300,96.7374815200,97.5103257800,36200229
2022-06-28,sh.603259,97.0767790000,97.6422748000,94.4660733900,96.2756599500,23500520
2022-06-29,sh.603259,95.3802916000,98.8203910500,94.4189487400,95.5970649900,21958757
2022-06-30,sh.603259,94.8147958000,99.7063344700,94.8147958000,98.0098470700,25647804
2022-07-01,sh.603259,98.0098470700,99.2256630400,95.7384389400,96.8882804000,18685305
2022-07-04,sh.603259,98.1135213000,103.5988305600,97.2181529500,102.8354112300,46434180
2022-07-05,sh.603259,103.8627286000,110.5073042500,99.9136829300,106.9541056400,66601023
2022-07-06,sh.603259,106.0870120800,111.5911712000,105.3518675400,106.5394087200,45513777
2022-07-07,sh.603259,105.7948392500,105.9833378500,100.8467510000,103.3914821000,31900836
2022-07-08,sh.603259,104.2114510100,106.8504314100,103.1841336400,103.8627286000,23366969
2022-07-11,sh.603259,103.6553801400,103.6742300000,100.3943543600,101.7892440000,16990443
2022-07-12,sh.603259,105.6534653000,105.8608137600,98.6036176600,99.7157594000,30459952
2022-07-13,sh.603259,98.3020199000,101.3651221500,98.3020199000,99.8477084200,21832818
2022-07-14,sh.603259,99.5272608000,103.2312582900,98.9617650000,101.5536207500,24385311
2022-07-15,sh.603259,101.2802977800,102.4112893800,98.6601672400,98.9617650000,19758835
2022-07-18,sh.603259,99.9042580000,99.9042580000,94.6168722700,97.1521784400,31062371
2022-07-19,sh.603259,97.2841274600,98.5659179400,94.2493000000,95.7195890800,23384727
2022-07-20,sh.603259,96.3416344600,97.9909972100,95.9552123300,96.5301330600,17810561
2022-07-21,sh.603259,96.3227846000,97.5763002900,95.0032944000,96.2850848800,15274045
2022-07-22,sh.603259,97.4160764800,98.0381218600,95.9552123300,96.6243823600,18286619
2022-07-25,sh.603259,95.9457874000,96.2945098100,94.1644756300,95.1352434200,17962090
2022-07-26,sh.603259,94.8147958000,95.8326882400,94.3435493000,95.7195890800,15248953
2022-07-27,sh.603259,95.1917930000,95.1917930000,89.3577613300,90.8186254800,59148105
2022-07-28,sh.603259,90.8186254800,91.7234187600,89.5839596500,90.6584016700,29797364
2022-07-29,sh.603259,90.4604781400,90.4604781400,87.6518490000,88.0288462000,35449312
2022-08-01,sh.603259,88.0288462000,89.0278887800,86.9167044600,88.2456195900,22430206
2022-08-02,sh.603259,87.1806025000,87.7460983000,85.4275655200,86.7282058600,27179098
2022-08-03,sh.603259,86.8978546000,88.3210190300,85.9742114600,87.3125515200,21255191
2022-08-04,sh.603259,87.8403476000,90.4133534900,87.1617526400,89.8761324800,30837423
2022-08-05,sh.603259,90.3662288400,92.0627162400,89.2823618900,90.2342798200,28218779
2022-08-08,sh.603259,89.5179851400,90.1023308000,87.6518490000,88.6885913000,24116518
2022-08-09,sh.603259,88.2267697300,88.4529680500,86.7847554400,88.3587187500,17054044
2022-08-10,sh.603259,87.9345969000,88.3304439600,85.1542425500,85.9082369500,28889970
2022-08-11,sh.603259,86.9638291100,89.5368350000,86.0024862500,89.0750134300,32685009
2022-08-12,sh.603259,88.8582400400,90.0080815000,87.9817215500,89.2917868200,17102381
2022-08-15,sh.603259,89.2917868200,89.8195829000,88.2173448000,89.0373137100,15684255
2022-08-16,sh.603259,88.9713392000,88.9713392000,85.3615910100,85.7668630000,50736118
2022-08-17,sh.603259,85.9082369500,87.0863532000,85.7857128600,86.6528064200,21358280
2022-08-18,sh.603259,86.3323588000,87.3219764500,84.9468940900,85.5689394700,23491176
2022-08-19,sh.603259,85.0411433900,85.5218148200,84.1457750400,85.2107921300,19450697
2022-08-22,sh.603259,84.7112708400,86.2852341500,84.2682991300,85.9742114600,19902415
2022-08-23,sh.603259,85.7668630000,85.9553616000,82.9676587900,83.9290016500,33359414
2022-08-24,sh.603259,83.4860299400,84.4944974500,82.4210128500,82.7508854000,19318714
2022-08-25,sh.603259,82.9299590700,83.6651036100,81.9026417000,83.5520044500,16119970
2022-08-26,sh.603259,83.8818770000,85.2861915700,83.1561573900,84.4002481500,20063986
2022-08-29,sh.603259,82.9393840000,83.5614293800,82.5623868000,83.4294803600,13521884
2022-08-30,sh.603259,83.2598316200,83.8818770000,81.4408201300,82.3267635500,20013697
2022-08-31,sh.603259,81.7141431000,85.5783644000,81.5256445000,84.4944974500,31591003
2022-09-01,sh.603259,83.9007268600,84.8055201400,82.3361884800,82.7037607500,19507344
2022-09-02,sh.603259,82.8262848400,83.1184576700,80.5831515000,81.2900212500,21083331
2022-09-05,sh.603259,80.9884234900,81.2334716700,78.2457688600,78.9809134000,27690532
2022-09-06,sh.603259,79.8385820300,80.1590296500,78.4154176000,79.3673355300,20518929
2022-09-07,sh.603259,78.6981655000,79.4804346900,77.1430520500,79.3956103200,28822505
2022-09-08,sh.603259,79.3107859500,80.0553554200,77.8310719400,77.9818708200,16121350
2022-09-09,sh.603259,80.1119050000,81.0543980000,78.9337887500,79.9516811900,27780077
2022-09-13,sh.603259,77.1713268400,77.1713268400,71.9593405500,71.9593405500,74673541
2022-09-14,sh.603259,68.3778671500,72.1478391500,68.3495923600,70.9885727600,40680093
2022-09-15,sh.603259,72.8452839700,74.3344229100,72.1761139400,72.3928873300,41823136
2022-09-16,sh.603259,71.7708419500,72.7133349500,69.4994338200,69.4994338200,27072694
2022-09-19,sh.603259,69.7633318600,70.4984764000,68.5852156100,69.3674848000,21549264
2022-09-20,sh.603259,69.4711590300,69.9801052500,68.1610937600,69.7916066500,17433924
2022-09-21,sh.603259,69.4334593100,70.1497539900,67.6332976800,67.7652467000,21949345
2022-09-22,sh.603259,66.4457565000,67.3411248500,65.7106119600,66.1158839500,28543918
2022-09-23,sh.603259,66.0970340900,67.1809010400,64.7963937500,65.4278640600,24202153
2022-09-26,sh.603259,65.0320170000,67.5296234500,64.9189178400,66.4174817100,24376654
2022-09-27,sh.603259,66.4174817100,68.8019890000,65.5032635000,68.0856943200,29764089
2022-09-28,sh.603259,67.6804223300,68.6794649100,66.5023060800,66.7285044000,20782403
2022-09-29,sh.603259,67.7463968400,70.4984764000,66.9170030000,68.3778671500,33854893
2022-09-30,sh.603259,68.7077397000,68.9622128100,67.0112523000,67.5673231700,18299356
2022-10-10,sh.603259,69.6596576300,70.2157285000,64.8812181200,65.1733909500,29114048
2022-10-11,sh.603259,65.1733909500,65.5126884300,63.3355296000,65.4090142000,17323111
2022-10-12,sh.603259,65.4561388500,66.0122097200,63.3449545300,65.7860114000,22666942
2022-10-13,sh.603259,67.0112523000,71.2053461500,66.4457565000,69.3674848000,47143703
2022-10-14,sh.603259,70.1214792000,76.3042332800,69.3674848000,76.3042332800,57299834
2022-10-17,sh.603259,77.2750010700,79.4992845500,76.3513579300,77.6614232000,58295155
2022-10-18,sh.603259,77.6708481300,78.2174940700,75.5408139500,77.1336271200,33640882
2022-10-19,sh.603259,76.6152559700,76.6152559700,74.4569470000,75.5408139500,31386323
2022-10-20,sh.603259,74.4569470000,76.5115817400,74.2118988200,74.3249979800,30296785
2022-10-21,sh.603259,73.9951254300,74.9281935000,72.1761139400,72.4871366300,33132430
2022-10-24,sh.603259,72.6850601600,73.2317061000,69.3203601500,69.9612553900,34667331
2022-10-25,sh.603259,69.9329806000,70.6681251400,68.1139691100,68.9904876000,25913475
2022-10-26,sh.603259,69.3863346600,75.7764372000,69.3863346600,73.7029526000,57392442
2022-10-27,sh.603259,75.3994400000,76.7283551300,72.5719610000,73.9857005000,53908224
2022-10-28,sh.603259,73.9668506400,76.2476837000,72.6944850900,73.8820262700,38538562
2022-10-31,sh.603259,72.7604596000,73.2976806100,70.5738758400,72.0064652000,26594989
2022-11-01,sh.603259,72.5531111400,76.4361823000,71.4880940500,76.3419330000,43694027
2022-11-02,sh.603259,75.3994400000,77.8216470100,74.6077458800,76.4644570900,40567589
2022-11-03,sh.603259,75.4182898600,77.9064713800,75.0318677300,76.5587063900,24611302
2022-11-04,sh.603259,76.4550321600,79.4992845500,76.1251596100,79.1694120000,34184678
2022-11-07,sh.603259,78.2269190000,81.5444943600,77.8876215200,81.2240467400,33443968
2022-11-08,sh.603259,80.6020013600,80.6020013600,78.0289954700,78.8395394500,26699635
2022-11-09,sh.603259,78.2269190000,79.1599870700,77.6425733400,77.7839472900,16465809
2022-11-10,sh.603259,77.1430520500,79.3296358100,76.9545534500,77.5388991100,15180119
2022-11-11,sh.603259,81.5256445000,82.8922593500,79.7160579400,80.4512024800,53526712
2022-11-14,sh.603259,81.2051968800,83.3729307800,80.2061543000,82.1476898800,34226210
2022-11-15,sh.603259,81.7235680300,82.4681375000,79.7160579400,82.3079136900,26365722
2022-11-16,sh.603259,81.9874660700,85.0882680400,81.5539192900,83.1750072500,29449415
2022-11-17,sh.603259,82.4304377800,82.6849108900,79.3767604600,81.0072733500,29378021
2022-11-18,sh.603259,80.8847492600,83.5048798000,80.7339503800,81.5350694300,22679268
2022-11-21,sh.603259,80.6114262900,80.8847492600,78.7735649400,80.5360268500,19029935
2022-11-22,sh.603259,80.5171769900,82.0063159300,78.4059926700,78.9809134000,18150134
2022-11-23,sh.603259,78.6510408500,79.3107859500,76.2571086300,77.2938509300,23583588
2022-11-24,sh.603259,77.8593467300,78.7829898700,76.8697290800,77.4540747400,10935953
2022-11-25,sh.603259,77.2844260000,77.5671739000,75.6444881800,77.2278764200,11318125
2022-11-28,sh.603259,70.6869750000,72.5719610000,69.5088587500,71.6954425100,47318430
2022-11-29,sh.603259,72.1478391500,74.7679696900,71.7237173000,73.7029526000,33073323
2022-11-30,sh.603259,73.3730800500,74.1459243100,72.7604596000,73.5144540000,17130849
2022-12-01,sh.603259,74.7396949000,76.2382587700,74.4569470000,75.3994400000,18288405
2022-12-02,sh.603259,75.3051907000,75.3051907000,73.0526324300,73.2317061000,17775803
2022-12-05,sh.603259,74.3626977000,74.5417713700,73.1374568000,73.8914512000,15145927
2022-12-06,sh.603259,73.8820262700,75.8612615700,73.3165304700,73.7123775300,17810050
2022-12-07,sh.603259,73.5144540000,75.3334654900,73.3919299100,74.3438478400,13374083
2022-12-08,sh.603259,74.0893747300,76.1345845400,73.3353803300,75.4371397200,16414314
2022-12-09,sh.603259,75.4748394400,76.3325080700,74.3438478400,75.3994400000,20996217
2022-12-12,sh.603259,75.4088649300,76.8037545700,75.1166921000,76.0686100300,14590272
2022-12-13,sh.603259,76.0686100300,76.1534344000,74.0893747300,74.2684484000,12416745
2022-12-14,sh.603259,74.2778733300,75.2109414000,73.8066268300,74.1176495200,11677350
2022-12-15,sh.603259,73.8160517600,74.3532727700,72.6944850900,73.7500772500,12955156
2022-12-16,sh.603259,74.1741991000,74.9753181500,73.3825049800,74.5323464400,11975759
2022-12-19,sh.603259,74.0045503600,74.5229215100,72.6850601600,72.8358590400,10966035
2022-12-20,sh.603259,72.4588618400,73.2788307500,70.6869750000,70.9791478300,13036525
2022-12-21,sh.603259,71.4503943300,71.9122159000,70.7812243000,70.8566237400,8206365
2022-12-22,sh.603259,71.6294680000,73.9385758500,70.7812243000,72.5719610000,17256984
2022-12-23,sh.603259,72.3457626800,73.5144540000,71.2524708000,72.5908108600,9636625
2022-12-26,sh.603259,72.9489582000,73.6087033000,72.2892131000,73.2411310300,8717373
2022-12-27,sh.603259,73.6087033000,75.0695674500,73.3730800500,74.4003974200,13615259
2022-12-28,sh.603259,74.2495985400,75.7952870600,73.3448052600,74.5794710900,14351367
2022-12-29,sh.603259,73.8254766900,77.3786753000,73.7029526000,76.2853834200,23985898
2022-12-30,sh.603259,75.9649358000,77.2467262800,75.9649358000,76.3419330000,15708274
2023-01-03,sh.603259,76.2099839800,77.6708481300,74.8433691300,76.9922531700,18170691
2023-01-04,sh.603259,77.5671739000,78.9809134000,77.2844260000,77.8499218000,17354653
2023-01-05,sh.603259,78.8678142400,84.1363501100,77.9535960300,82.9111092100,42776599
2023-01-06,sh.603259,82.3833131300,83.1090327400,81.6481685900,82.5341120100,24786139
2023-01-09,sh.603259,82.6095114500,85.4369904500,82.4681375000,84.2494492700,23551117
2023-01-10,sh.603259,84.8243700000,85.1919422700,83.5048798000,84.3813982900,14811955
2023-01-11,sh.603259,84.3154237800,86.5020075400,84.2494492700,84.4096730800,19520065
2023-01-12,sh.603259,85.5123898900,87.2560019400,85.1071179000,85.6914635600,20045008
2023-01-13,sh.603259,85.8611123000,86.1438602000,84.5698968900,85.7668630000,19749017
2023-01-16,sh.603259,85.8705372300,94.1550507000,85.6726137000,92.5339627400,50166642
2023-01-17,sh.603259,92.3643140000,93.0240591000,88.8959397600,90.1588803800,32638692
2023-01-18,sh.603259,89.7536083900,90.0080815000,88.4812428400,89.2823618900,13731720
2023-01-19,sh.603259,89.1032882200,93.1183084000,88.1042456400,91.8836425700,28892907
2023-01-20,sh.603259,91.6103196000,93.7780535000,91.0448238000,91.8930675000,15915816
2023-01-30,sh.603259,94.2493000000,94.2493000000,90.5547274400,90.7997756200,21305543
2023-01-31,sh.603259,91.0448238000,92.6941865500,87.6801237900,87.8874722500,23588529
2023-02-01,sh.603259,87.9817215500,88.5754921400,86.7187809300,88.4812428400,16193902
2023-02-02,sh.603259,88.7357159500,91.8270929900,87.4633504000,89.5368350000,20555523
2023-02-03,sh.603259,88.8111153900,89.4991352800,87.6329991400,88.4058434000,11065636
2023-02-06,sh.603259,87.2748518000,87.2842767300,84.3625484300,86.1815599200,24729930
2023-02-07,sh.603259,86.6339565600,87.8780473200,85.4746901700,86.4266081000,12981211
2023-02-08,sh.603259,86.7093560000,88.0194212700,85.3427411500,85.5123898900,11806184
2023-02-09,sh.603259,84.8997694400,86.3323588000,84.8243700000,86.0684607600,10084163
2023-02-10,sh.603259,86.0119111800,86.2381095000,83.7687778400,84.6075966100,15613918
2023-02-13,sh.603259,83.8818770000,85.8611123000,83.0524831600,84.1646249000,18800949
2023-02-14,sh.603259,84.0892254600,84.6735711200,82.8828344200,83.9572764400,14269395
2023-02-15,sh.603259,84.0798005300,84.2494492700,81.5256445000,81.9497663500,20028273
2023-02-16,sh.603259,82.3738882000,83.1090327400,80.6491260100,81.1486473000,17990789
2023-02-17,sh.603259,80.8658994000,81.9026417000,80.2061543000,80.3098285300,15506923
2023-02-20,sh.603259,80.6585509400,81.3277209700,79.3484856700,81.2617464600,18901723
2023-02-21,sh.603259,81.2617464600,81.4879447800,79.8103072400,80.3569531800,15796308
2023-02-22,sh.603259,79.6595083600,80.2061543000,78.9243638200,79.0751627000,15043892
2023-02-23,sh.603259,78.5096669000,80.4700523400,78.5096669000,79.2448114400,14975133
2023-02-24,sh.603259,79.2259615800,79.2353865100,77.8027971500,77.9064713800,15249105
2023-02-27,sh.603259,77.5671739000,78.6981655000,76.8697290800,77.1901767000,15622755
2023-02-28,sh.603259,77.1901767000,78.0007206800,76.9168537300,77.9253212400,14297689
2023-03-01,sh.603259,77.6142985500,79.2259615800,76.3513579300,78.9997632600,25248006
2023-03-02,sh.603259,79.0091881900,79.1788369300,78.1326697000,78.6510408500,13877254
2023-03-03,sh.603259,79.1505621400,80.6208512200,78.3494430900,78.4625422500,22003107
2023-03-06,sh.603259,78.2363439300,78.8112646600,76.8131795000,77.2844260000,22287251
2023-03-07,sh.603259,77.2844260000,78.5002419700,76.3702077900,76.5304316000,17690733
2023-03-08,sh.603259,75.8706865000,76.2382587700,74.9281935000,75.3523153500,18097350
2023-03-09,sh.603259,75.5879386000,76.8320293600,75.5031142300,76.1063097500,16559852
2023-03-10,sh.603259,75.2109414000,76.5021568100,74.2967231900,75.6067884600,17574211
2023-03-13,sh.603259,75.3900150700,75.3994400000,73.3730800500,74.4286722100,25003609
2023-03-14,sh.603259,74.1082245900,75.6067884600,73.7689271100,74.4757968600,16599646
2023-03-15,sh.603259,75.0978422400,76.0686100300,73.6746778100,73.7972019000,17047421
2023-03-16,sh.603259,73.2317061000,73.8443265500,71.5257937700,71.8839411100,26053926
2023-03-17,sh.603259,72.4588618400,72.5719610000,69.6313828400,69.8858559500,35185932
2023-03-20,sh.603259,70.2911279400,70.8848985300,68.6040654700,69.7444820000,30792768
2023-03-21,sh.603259,70.7435245800,75.8801114300,70.7340996500,75.6444881800,56523997
2023-03-22,sh.603259,75.8518366400,77.7273977100,75.4936893000,76.6246809000,38669476
2023-03-23,sh.603259,76.0780349600,77.7650974300,75.1072671700,75.6633380400,28061401
2023-03-24,sh.603259,75.4088649300,77.1901767000,75.2863408400,75.5313890200,20340143
2023-03-27,sh.603259,76.3136582100,78.2363439300,74.1836240300,77.3127007900,35898990
2023-03-28,sh.603259,77.2844260000,77.2844260000,75.9460859400,76.5492814600,17852545
2023-03-29,sh.603259,77.2373013500,77.2373013500,75.3805901400,75.5313890200,16954264
2023-03-30,sh.603259,75.6916128300,77.0770775400,74.9281935000,76.8037545700,20109999
2023-03-31,sh.603259,76.8131795000,76.9922531700,74.2118988200,74.9281935000,29547937
2023-04-03,sh.603259,74.6265957400,74.6265957400,72.6473604400,73.3825049800,32575512
2023-04-04,sh.603259,73.5144540000,73.6087033000,71.5352187000,73.3259554000,35426746
2023-04-06,sh.603259,73.0432075000,74.1364993800,72.4588618400,74.0799498000,21426798
2023-04-07,sh.603259,73.9857005000,79.1599870700,73.4013548400,78.9997632600,47728235
2023-04-10,sh.603259,79.5652590600,80.5454517800,78.6227660600,79.7443327300,35297457
2023-04-11,sh.603259,80.1119050000,80.4794772700,77.6802730600,78.9809134000,25907438
2023-04-12,sh.603259,78.9149388900,79.4238851100,77.5483240400,78.1609444900,18928785
2023-04-13,sh.603259,78.1703694200,81.5444943600,76.9168537300,81.2240467400,44408538
2023-04-14,sh.603259,81.8837918400,83.7216531900,80.3192534600,80.8658994000,40725397
2023-04-17,sh.603259,80.1967293700,81.9309164900,79.6406585000,80.6962506600,22242205
2023-04-18,sh.603259,76.3702077900,77.0299528900,74.4663719300,76.1722842600,52923501
2023-04-19,sh.603259,75.6727629700,76.5304316000,74.2118988200,74.7962444800,32953224
2023-04-20,sh.603259,74.7962444800,75.9460859400,73.0903321500,73.6369780900,26504383
2023-04-21,sh.603259,73.2788307500,73.6558279500,71.9122159000,72.0158901300,23033478
2023-04-24,sh.603259,72.5719610000,73.0432075000,70.1026293400,70.6869750000,25892049
2023-04-25,sh.603259,70.6963999300,70.6963999300,63.6182775000,63.6182775000,72162967
2023-04-26,sh.603259,63.0433567700,65.2110906700,62.6852094300,64.4005466900,38025078
2023-04-27,sh.603259,64.4005466900,64.7586940300,62.5815352000,63.2601301600,31454856
2023-04-28,sh.603259,63.3543794600,64.5607705000,62.9585324000,63.6465522900,24206869
2023-05-04,sh.603259,63.8162010300,64.3534220400,63.2224304400,63.3920791800,20199751
2023-05-05,sh.603259,63.3355296000,63.3355296000,62.2045380000,62.6475097100,15539925
2023-05-08,sh.603259,62.6475097100,64.4382464100,61.8746654500,63.8256259600,26281497
2023-05-09,sh.603259,63.1564559300,63.4674786200,62.2422377200,62.6663595700,18260410
2023-05-10,sh.603259,62.4401612500,63.2507052300,61.4128438800,62.7700338000,18074622
2023-05-11,sh.603259,63.2412803000,65.1262663000,62.7134842200,63.8916004700,31514262
2023-05-12,sh.603259,63.6654021500,64.0895240000,62.2610875800,62.4118864600,18941330
2023-05-15,sh.603259,62.2045380000,65.2205156000,62.0348892600,65.0602917900,25316075
2023-05-16,sh.603259,64.9094929100,65.2393654600,64.1366486500,64.8812181200,15813697
2023-05-17,sh.603259,64.7586940300,64.7586940300,63.5900027100,63.9010254000,13652759
2023-05-18,sh.603259,63.9010254000,64.2308979500,62.6946343600,62.9773822600,14325907
2023-05-19,sh.603259,62.9019828200,63.7596514500,62.2045380000,63.3355296000,12992409
2023-05-22,sh.603259,63.9010254000,64.9189178400,63.0433567700,64.4665212000,20170663
2023-05-23,sh.603259,64.4193965500,66.3986318500,64.3722719000,65.2016657400,23968889
2023-05-24,sh.603259,64.7963937500,65.7388867500,64.5607705000,64.8435184000,17168463
2023-05-25,sh.603259,64.5607705000,65.0508668600,63.4015041100,63.9198752600,16610930
2023-05-26,sh.603259,63.9104503300,63.9104503300,62.2045380000,62.2233878600,19658442
2023-05-29,sh.603259,62.7323340800,63.0339318400,61.8840903800,62.9491074700,18419052
2023-05-30,sh.603259,62.5061357600,63.1941556500,60.5646001800,62.6757845000,22581698
2023-05-31,sh.603259,62.4872859000,63.2412803000,60.4326511600,61.2620450000,29061303
2023-06-01,sh.603259,60.7907985000,64.2403228800,60.6022999000,63.2412803000,35410346
2023-06-02,sh.603259,63.7125268000,64.5324957100,62.2045380000,63.9387251200,21421564
2023-06-05,sh.603259,63.9387251200,63.9387251200,61.8275408000,62.2893623700,19583536
2023-06-06,sh.603259,62.2987873000,62.4495861800,60.7342489200,60.7436738500,17657763
2023-06-07,sh.603259,61.3468693700,61.4316937400,59.2639598400,59.6409570400,21879018
2023-06-08,sh.603259,59.5467077400,60.9887220300,58.8304130600,60.4232262300,19272790
2023-06-09,sh.603259,60.4232262300,63.6088525700,60.1310534000,63.5617279200,41657930
2023-06-12,sh.603259,63.4769035500,64.6550198000,62.7511839400,63.8162010300,23051833
2023-06-13,sh.603259,64.0329744200,65.2864901100,63.9481500500,64.8529433300,19081809
2023-06-14,sh.603259,65.1584863200,65.4735845100,64.3086760500,64.6046773800,16275559
2023-06-15,sh.603259,64.9770661500,67.8988857300,64.9388724300,67.6983687000,34399405
2023-06-16,sh.603259,67.7270139900,69.1783753500,67.7079171300,68.5672758300,29055318
2023-06-19,sh.603259,68.2617260700,68.5481789700,66.4475243700,66.6480414000,22693478
2023-06-20,sh.603259,66.6480414000,67.6315296900,65.8364248500,65.8364248500,26829811
2023-06-21,sh.603259,65.1680347500,65.5690688100,60.0405278400,60.4415619000,66026702
2023-06-26,sh.603259,59.8591076700,62.0266012800,59.6776875000,61.2149847300,24948997
2023-06-27,sh.603259,61.1767910100,61.8165358200,60.3842713200,60.8234991000,16318975
2023-06-28,sh.603259,60.8521443900,60.9667255500,59.5822032000,59.8113655200,17741477
2023-06-29,sh.603259,59.8686561000,60.1360121400,58.4745853200,59.0283942600,18508183
2023-06-30,sh.603259,59.0379426900,59.9068498200,58.7419413600,59.4962673300,14866269
2023-07-03,sh.603259,59.5058157600,61.0813067100,59.0952332700,60.8139506700,18245678
2023-07-04,sh.603259,60.7089179400,62.3607963300,59.4485251800,61.9215685500,27289041
2023-07-05,sh.603259,61.6446640800,61.9502138400,60.9858224100,61.6255672200,11499413
2023-07-06,sh.603259,61.5873735000,61.5873735000,60.2601417300,60.6134336400,14256808
2023-07-07,sh.603259,60.3269807400,60.8044022400,59.9641404000,60.1646574300,11636726
2023-07-10,sh.603259,60.7280148000,61.8260842500,60.5084009100,60.7280148000,14861369
2023-07-11,sh.603259,60.9476286900,61.2054363000,59.9641404000,61.0144677000,10231697
2023-07-12,sh.603259,60.7948538100,61.2436300200,60.3556260300,60.5370462000,11468745
2023-07-13,sh.603259,61.0622098500,64.3564182000,61.0622098500,64.0986105900,42448253
2023-07-14,sh.603259,64.1081590200,65.2062284700,63.8980935600,64.6046773800,20672464
2023-07-17,sh.603259,63.9935778600,64.0604168700,62.0647950000,62.8859599800,16201180
2023-07-18,sh.603259,63.4206720600,65.1775831800,62.6949913800,64.9484208600,27325915
2023-07-19,sh.603259,64.9293240000,65.3971970700,64.3659666300,64.8051944100,13834844
2023-07-20,sh.603259,65.2444221900,65.6645531100,64.5855805200,64.5855805200,13778157
2023-07-21,sh.603259,64.5760320900,65.7695858400,64.0699653000,64.7383554000,16609158
2023-07-24,sh.603259,64.0699653000,66.6766866900,64.0699653000,64.6715163900,19881376
2023-07-25,sh.603259,65.5213266600,65.8746185700,63.9935778600,65.0725504500,19149386
2023-07-26,sh.603259,65.4067455000,66.9631395900,65.0725504500,66.0655871700,20647317
2023-07-27,sh.603259,65.8937154300,66.9535911600,65.4258423600,66.1706199000,17185933
2023-07-28,sh.603259,65.6072625300,66.5143633800,64.2322886100,66.1515230400,22802177
2023-07-31,sh.603259,66.6575898300,70.4674134000,66.6575898300,68.4335978100,45263867
2023-08-01,sh.603259,71.4031595400,72.0906465000,70.6392851400,71.5941281400,54305172
2023-08-02,sh.603259,71.8805810400,71.9951622000,69.9613466100,70.4674134000,26533367
2023-08-03,sh.603259,70.3719291000,73.7329764600,69.9708950400,73.5706531500,43575972
2023-08-04,sh.603259,73.8093639000,73.8762029100,71.4222564000,72.1479370800,29362159
2023-08-07,sh.603259,71.5941281400,71.8328388900,69.9517981800,70.6297367100,30077376
2023-08-08,sh.603259,70.2764448000,71.1358035000,69.2738596500,70.2859932300,18557695
2023-08-09,sh.603259,68.7295991400,73.6183953000,68.4335978100,72.7972303200,42249122
2023-08-10,sh.603259,72.8354240400,75.7095014700,72.4821321300,75.3371127000,37429053
2023-08-11,sh.603259,75.3275642700,76.4829243000,74.9074333500,75.0506598000,25489371
2023-08-14,sh.603259,73.9907840700,75.4516938600,73.3319424000,74.9456270700,21130163
2023-08-15,sh.603259,74.8692396300,75.2511768300,73.4465235600,74.4873024300,14544573
2023-08-16,sh.603259,74.1913011000,75.7763404800,73.8857513400,74.3918181300,14867062
2023-08-17,sh.603259,73.7043311700,76.5497633100,73.5324594300,76.1296323900,21765139
2023-08-18,sh.603259,76.1487292500,76.2442135500,74.2485916800,74.2581401100,18003581
2023-08-21,sh.603259,73.9143966300,75.6426624600,73.7520733200,74.2867854000,18553011
2023-08-22,sh.603259,74.2867854000,75.2511768300,72.4821321300,74.0862683700,21479004
2023-08-23,sh.603259,74.8310459100,75.0315629400,72.9022630500,72.9786504900,16461614
2023-08-24,sh.603259,73.5229110000,76.1964714000,73.3319424000,75.1461441000,23753496
2023-08-25,sh.603259,75.1174988100,77.8197045000,74.6496257400,75.4898875800,20640610
2023-08-28,sh.603259,79.3760985900,79.6816483500,75.3371127000,75.6426624600,32076730
2023-08-29,sh.603259,75.6904046100,78.2971260000,75.4325970000,77.5905421800,22856834
2023-08-30,sh.603259,78.6981600600,79.0800972600,77.1513144000,78.4308040200,17874777
2023-08-31,sh.603259,78.7554506400,78.8700318000,77.7242202000,77.8197045000,12139709
2023-09-01,sh.603259,77.8197045000,78.1348026900,75.7095014700,76.5402148800,13329196
2023-09-04,sh.603259,77.2467987000,78.4785461700,76.3874400000,77.7051233400,14066751
2023-09-05,sh.603259,77.2467987000,78.4499008800,76.8648615000,77.7337686300,12706065
2023-09-06,sh.603259,77.3327345700,77.3327345700,73.1409738000,73.5229110000,32144518
2023-09-07,sh.603259,73.5229110000,73.7807186100,72.4152931200,72.8545209000,14281226
2023-09-08,sh.603259,72.4343899800,73.5229110000,72.1288402200,72.7590366000,9312645
2023-09-11,sh.603259,72.8545209000,75.2416284000,72.2338729500,74.0003325000,13697434
2023-09-12,sh.603259,74.0003325000,74.9551755000,73.4465235600,73.9525903500,12631126
2023-09-13,sh.603259,73.5706531500,74.7164647500,73.1696190900,73.8380091900,10546467
2023-09-14,sh.603259,73.8762029100,74.7642069000,73.7138796000,74.4395602800,8485997
2023-09-15,sh.603259,74.6973678900,77.4664125900,74.2199463900,76.1964714000,19526821
2023-09-18,sh.603259,76.1964714000,77.9342856600,76.0818902400,77.3422830000,16799102
2023-09-19,sh.603259,77.3422830000,77.4377673000,76.1773745400,76.7693772000,9143283
2023-09-20,sh.603259,76.6738929000,77.4473157300,75.9100185000,76.5688601700,9148741
2023-09-21,sh.603259,76.0532449500,76.4638274400,74.7451100400,75.0029176500,13203351
2023-09-22,sh.603259,75.9004700700,75.9577606500,74.2103979600,75.9577606500,13698336
2023-09-25,sh.603259,76.2442135500,78.1825448400,75.4898875800,77.8197045000,23547665
2023-09-26,sh.603259,78.3639650100,78.8700318000,77.6287359000,77.8674466500,16309355
2023-09-27,sh.603259,79.2519690000,84.0261840000,79.1278394100,83.7110858100,43411457
2023-09-28,sh.603259,84.0452808600,85.0669628700,81.8682388200,82.2883697400,29712938
2023-10-09,sh.603259,82.5843710700,83.2623096000,80.7797178000,82.5843710700,18980834
2023-10-10,sh.603259,82.7848881000,83.0617925700,80.5887492000,80.6364913500,17446495
2023-10-11,sh.603259,81.2189455800,85.3247704800,81.1616550000,84.1694104500,29415575
2023-10-12,sh.603259,85.9358700000,86.4132915000,83.8447638300,85.2674799000,24155181
2023-10-13,sh.603259,84.5990898000,86.9384551500,84.3699274800,86.1077417400,22806153
2023-10-16,sh.603259,86.3178072000,86.9957457300,83.7397311000,83.9306997000,20511717
2023-10-17,sh.603259,84.7900584000,84.9523817100,83.3577939000,84.2648947500,12975731
2023-10-18,sh.603259,84.1025714400,84.3412821900,82.9376629800,83.5583109300,13126181
2023-10-19,sh.603259,82.9758567000,83.7110858100,82.2119823000,82.2883697400,13437035
2023-10-20,sh.603259,82.0592074200,82.0783042800,80.3118447300,80.7988146600,15351085
2023-10-23,sh.603259,80.1590698500,81.4385594700,79.1755815600,80.5410070500,12865045
2023-10-24,sh.603259,81.1616550000,81.3430751700,79.6339062000,80.2736510100,16859002
2023-10-25,sh.603259,81.4481079000,82.9567598400,79.6148093400,79.7007452100,21187013
2023-10-26,sh.603259,79.2519690000,80.9515895400,78.8795802300,80.5601039100,15399137
2023-10-27,sh.603259,80.2068120000,85.4584485000,79.7293905000,84.7136709600,25290674
2023-10-30,sh.603259,84.2457978900,89.3351110800,84.2457978900,86.3750977800,33678189
2023-10-31,sh.603259,81.9255294000,84.6945741000,79.5957124800,82.6034679300,42636455
2023-11-01,sh.603259,82.5843710700,82.7848881000,79.2997111500,81.1139128500,23919094
2023-11-02,sh.603259,81.0948159900,83.2432127400,81.0375254100,81.5244953400,17406467
2023-11-03,sh.603259,81.7345608000,83.9211512700,81.1616550000,82.9949535600,18384937
2023-11-06,sh.603259,84.3126369000,86.8907130000,84.0357324300,86.7761318400,26592757
2023-11-07,sh.603259,86.2987103400,87.2631017700,85.5443843700,85.6971592500,15633471
2023-11-08,sh.603259,85.3629642000,88.4184618000,85.2006408900,86.6329053900,20157752
2023-11-09,sh.603259,86.7188412600,87.0530363100,84.5608960800,84.9141879900,17885589
2023-11-10,sh.603259,84.1980557400,84.9428332800,83.8161185400,84.2076041700,9388803
2023-11-13,sh.603259,84.2076041700,84.5036055000,82.1451432900,82.6130163600,13969340
2023-11-14,sh.603259,83.3577939000,83.7874732500,81.0948159900,81.6963670800,16900373
2023-11-15,sh.603259,83.7588279600,85.2006408900,82.9758567000,83.7397311000,16455998
2023-11-16,sh.603259,83.4341813400,84.1312167300,81.1807518600,81.5626890600,12472522
2023-11-17,sh.603259,81.5626890600,81.8300451000,80.7606209400,81.5053984800,10871310
2023-11-20,sh.603259,81.9064325400,83.8256669700,81.3621720300,82.9376629800,15144041
2023-11-21,sh.603259,83.0617925700,84.1216683000,82.7085006600,82.9376629800,11449325
2023-11-22,sh.603259,82.4984352000,82.4984352000,80.3691353100,80.4264258900,14729306
2023-11-23,sh.603259,80.4168774600,81.1330097100,80.1113277000,80.8561052400,10259503
2023-11-24,sh.603259,80.9706864000,81.2284940100,79.8821653800,79.9776496800,9655224
2023-11-27,sh.603259,79.7293905000,79.8535200900,78.5071914600,79.3760985900,15655082
2023-11-28,sh.603259,79.3951954500,81.2762361600,79.2615174300,80.4359743200,14456070
2023-11-29,sh.603259,80.5792007700,80.7797178000,79.7293905000,80.0253918300,9248740
2023-11-30,sh.603259,79.6434546300,80.0444886900,78.5835789000,78.8700318000,13688167
2023-12-01,sh.603259,78.8700318000,79.5384219000,77.6287359000,79.2519690000,16031581
2023-12-04,sh.603259,77.6764780500,77.6764780500,72.5680680000,73.7711701800,40233200
2023-12-05,sh.603259,72.5680680000,73.7043311700,70.6583820000,71.3267721000,32491112
2023-12-06,sh.603259,71.6896124400,73.7711701800,71.6896124400,72.7208428800,23100002
2023-12-07,sh.603259,72.6635523000,72.6635523000,70.4960586900,72.0906465000,19497224
2023-12-08,sh.603259,71.9569684800,72.8067787500,70.9448349000,72.5680680000,25871063
2023-12-11,sh.603259,71.9474200500,73.5229110000,71.3267721000,73.2460065300,16681593
2023-12-12,sh.603259,73.0454895000,73.0454895000,71.5368375600,71.8996779000,14869922
2023-12-13,sh.603259,71.6132250000,71.8805810400,70.2764448000,70.6870272900,19655993
2023-12-14,sh.603259,72.0906465000,73.3796845500,71.1549003600,71.2408362300,17798839
2023-12-15,sh.603259,71.9760653400,72.3484541100,69.8945076000,70.0663793400,15655819
2023-12-18,sh.603259,70.0377340500,70.8493506000,69.4075376700,70.2000573600,12544346
2023-12-19,sh.603259,69.5125704000,70.2382510800,69.0446973300,69.6176031300,12186119
2023-12-20,sh.603259,69.7990233000,70.5628977000,69.1306332000,69.1401816300,9384618
2023-12-21,sh.603259,68.7105022800,71.3267721000,68.4145009500,69.9422497500,15578124
2023-12-22,sh.603259,69.8181201600,70.2000573600,68.3667588000,69.2547627900,14422248
2023-12-25,sh.603259,68.7486960000,70.9257380400,68.7009538500,70.2477995100,10381239
2023-12-26,sh.603259,70.2382510800,70.2382510800,68.2617260700,68.9014708800,10486754
2023-12-27,sh.603259,68.9205677400,69.2834080800,67.8893373000,68.0325637500,14956537
2023-12-28,sh.603259,68.3667588000,70.4101228200,67.8415951500,70.1332183500,21095029
2023-12-29,sh.603259,70.1332183500,70.4292196800,69.0446973300,69.4743766800,16754940
2024-01-02,sh.603259,69.6557968500,69.7130874300,65.7886827000,67.3164315000,28068196
2024-01-03,sh.603259,66.8867521500,67.9561763100,66.7244288400,66.9344943000,14219691
2024-01-04,sh.603259,66.8199131400,66.8199131400,65.5404235200,66.0369418800,21013438
2024-01-05,sh.603259,66.2661042000,66.4093306500,64.4519025000,65.0343567300,17723289
2024-01-08,sh.603259,64.7670006900,65.1011957400,64.0699653000,64.4137087800,14807840
2024-01-09,sh.603259,64.7383554000,65.7886827000,63.8789967000,64.3564182000,16164850
2024-01-10,sh.603259,64.0699653000,65.2921643400,63.3347361900,64.5664836600,16971968
2024-01-11,sh.603259,68.7486960000,69.4361829600,66.6480414000,68.5099852500,40102440
2024-01-12,sh.603259,67.8034014300,70.5438008400,67.7174655600,68.5768242600,23213103
2024-01-15,sh.603259,67.8893373000,70.6106398500,67.8893373000,69.3693439500,17693159
2024-01-16,sh.603259,68.8537287300,70.0854762000,68.5672758300,70.0377340500,14107989
2024-01-17,sh.603259,69.6366999900,69.8563138800,68.2712745000,68.2712745000,14441554
2024-01-18,sh.603259,67.7938530000,70.5915429900,67.6124328300,70.4865102600,25935929
2024-01-19,sh.603259,70.0950246300,71.8996779000,69.7035390000,71.5081922700,31731074
2024-01-22,sh.603259,71.4127079700,71.9760653400,69.8945076000,71.0976097800,26022097
2024-01-23,sh.603259,70.5628977000,71.6896124400,69.7894748700,70.7252210100,19838547
2024-01-24,sh.603259,71.2121909400,71.3172236700,68.9396646000,70.6583820000,17438909
2024-01-25,sh.603259,70.6201882800,70.7156725800,68.8537287300,69.9804434700,19235679
2024-01-26,sh.603259,69.2261175000,71.3172236700,62.9814442800,62.9814442800,44527046
2024-01-29,sh.603259,60.1551090000,61.0908551400,56.6794804800,56.6794804800,106097922
2024-01-30,sh.603259,53.8531452000,55.9537998000,53.6430797400,54.2828245500,87396491
2024-01-31,sh.603259,53.4712080000,53.9963716500,51.4660377000,51.7524906000,65697194
2024-02-01,sh.603259,52.0962340800,54.3687604200,51.3037143900,53.2802394000,58337298
2024-02-02,sh.603259,54.3401151300,54.8366334900,47.9522154600,47.9522154600,65707485
2024-02-05,sh.603259,44.1901340400,49.3940283900,43.1589036000,46.0520778900,159302508
2024-02-06,sh.603259,44.7439429800,50.4252588300,43.3212269100,49.8905467500,113259142
2024-02-07,sh.603259,51.1891332300,53.8340483400,51.1891332300,52.7550757500,111295644
2024-02-08,sh.603259,51.2273269500,52.0389435000,49.6518360000,50.7212601600,99007432
2024-02-19,sh.603259,48.2195715000,48.9643490400,46.4244666600,47.7898921500,132806402
2024-02-20,sh.603259,47.5989235500,49.3080925200,47.1024051900,49.2412535100,100319873
2024-02-21,sh.603259,48.6969930000,52.9937865000,48.5251212600,51.3132628200,108874573
2024-02-22,sh.603259,50.6926148700,51.9052654800,50.4920978400,51.6665547300,62886204
2024-02-23,sh.603259,51.5997157200,51.7333937400,50.1769996500,51.1604879400,69410659
2024-02-26,sh.603259,51.4087471200,52.9651412100,51.3228112500,52.1821699500,75027576
2024-02-27,sh.603259,51.8384264700,52.4972681400,51.1891332300,52.4972681400,64623673
2024-02-28,sh.603259,52.9269474900,53.9963716500,50.6066790000,50.6162274300,90726813
2024-02-29,sh.603259,50.1579027900,52.1821699500,50.1292575000,52.0198466400,63870856
2024-03-01,sh.603259,51.8479749000,52.8887537700,51.5710704300,52.5354618600,55375181
2024-03-04,sh.603259,53.0606255100,57.7870983600,53.0510770800,57.2905800000,124122674
2024-03-05,sh.603259,55.6864437600,56.5935446100,54.5310837300,55.6005078900,82237501
2024-03-06,sh.603259,56.3452854300,56.7940616400,55.1899254000,56.0779293900,56281385
2024-03-07,sh.603259,50.4730009800,52.4877197100,50.4730009800,50.4730009800,113170375
2024-03-08,sh.603259,48.7733804400,49.8332561700,48.5155728300,49.4990611200,97310560
2024-03-11,sh.603259,50.2533870900,52.7837210400,49.1935113600,52.2967511100,108510223
2024-03-12,sh.603259,53.4712080000,55.7341859100,53.4712080000,54.6170196000,123866270
2024-03-13,sh.603259,54.4260510000,55.0657958100,53.4234658500,54.1873402500,74632035
2024-03-14,sh.603259,55.8392186400,56.2211558400,49.5372548400,51.0936489300,194357013
2024-03-15,sh.603259,49.9764826200,50.9313256200,48.8402194500,48.9929943300,145632932
2024-03-18,sh.603259,48.8879616000,51.0268099200,46.5963384000,50.9981646300,191396680
2024-03-19,sh.603259,49.5945454200,49.5945454200,48.5060244000,48.5155728300,168192735
2024-03-20,sh.603259,48.5537665500,48.8020257300,47.7516984300,48.0572481900,110214081
2024-03-21,sh.603259,48.1049903400,48.4391853900,47.6562141300,47.7612468600,96680597
2024-03-22,sh.603259,46.7873070000,47.1978894900,45.7369797000,45.7465281300,127631961
2024-03-25,sh.603259,47.0737599000,47.7039562800,46.6058868300,46.6918227000,122011318
2024-03-26,sh.603259,46.4531119500,46.5008541000,44.8585241400,45.3168487800,103154801
2024-03-27,sh.603259,44.8776210000,45.9947873100,44.1901340400,44.4765869400,89520532
2024-03-28,sh.603259,44.2474246200,45.4123330800,44.0373591600,44.9062662900,82108858
2024-03-29,sh.603259,44.4479416500,44.8012335600,43.8081968400,44.0946497400,74545060
2024-04-01,sh.603259,44.0946497400,45.6796891200,44.0660044500,45.6796891200,96952376
2024-04-02,sh.603259,45.6796891200,45.6892375500,44.4192963600,44.9349115800,75614288
2024-04-03,sh.603259,44.9540084400,45.7274312700,44.7057492600,45.1736223300,74581588
2024-04-08,sh.603259,43.9323264300,44.5434259500,43.7031641100,44.0278107300,83610043
2024-04-09,sh.603259,44.0373591600,44.9444600100,42.8724507000,44.8012335600,105558319
2024-04-10,sh.603259,44.4001995000,44.9253631500,43.4740017900,43.5217439400,69694416
2024-04-11,sh.603259,42.9679350000,43.2543879000,41.7266391000,41.8221234000,116595304
2024-04-12,sh.603259,41.5452189300,42.3759323400,40.9532162700,40.9532162700,79001102
2024-04-15,sh.603259,40.8672804000,41.1728301600,39.7883078100,40.4662463400,81955345
2024-04-16,sh.603259,40.2752777400,40.5808275000,39.3108863100,39.3299831700,70395203
2024-04-17,sh.603259,39.4827580500,41.5834126500,39.4159190400,41.2014754500,112233072
2024-04-18,sh.603259,41.1537333000,42.3472870500,40.4757947700,41.4688314900,109147851
2024-04-19,sh.603259,40.8672804000,41.0487005700,39.9697279800,40.2943746000,74610705
2024-04-22,sh.603259,40.0079217000,40.7622476700,39.7501140900,40.1988903000,50854786
2024-04-23,sh.603259,40.3421167500,41.3447019000,39.6068876400,40.7049570900,92119020
2024-04-24,sh.603259,40.3994073300,40.5808275000,39.8646952500,40.0652122800,70078537
2024-04-25,sh.603259,39.8646952500,40.4853432000,39.7119203700,39.7214688000,71687645
2024-04-26,sh.603259,39.5114033400,41.1823785900,39.4350159000,40.9818615600,119709427
2024-04-29,sh.603259,41.1441848700,42.9870318600,40.9914099900,42.5573525100,114939427
2024-04-30,sh.603259,42.6432883800,42.7578695400,41.5547673600,41.6979938100,80698597
2024-05-06,sh.603259,42.4332229200,44.2951667700,42.3377386200,43.7127125400,126789066
2024-05-07,sh.603259,43.5408408000,43.7890999800,43.1398067400,43.5885829500,64317670
2024-05-08,sh.603259,43.3498722000,43.5217439400,42.6432883800,42.6910305300,62605726
2024-05-09,sh.603259,42.6910305300,43.9132295700,42.6719336700,43.3212269100,75040983
2024-05-10,sh.603259,43.5885829500,43.7318094000,42.5191587900,42.8247085500,60905456
2024-05-13,sh.603259,46.3194339300,46.4817572400,43.7222609700,44.1041981700,185303114
2024-05-14,sh.603259,43.8272937000,45.7369797000,43.7031641100,45.0112990200,145967532
2024-05-15,sh.603259,44.4956838000,44.5529743800,42.9774834300,43.1780004600,105993721
2024-05-16,sh.603259,43.3498722000,44.2378761900,41.7075422400,43.5217439400,96750802
2024-05-17,sh.603259,43.1875488900,43.6840672500,42.5669009400,42.8724507000,69469585
2024-05-20,sh.603259,42.5859978000,43.1207098800,42.4905135000,42.6814821000,56243142
2024-05-21,sh.603259,42.4905135000,42.5669009400,41.5356705000,41.7361875300,66921746
2024-05-22,sh.603259,41.7266391000,42.2804480400,41.6311548000,42.1276731600,48207701
2024-05-23,sh.603259,41.8794139800,42.0608341500,41.2778628900,41.3351534700,42728172
2024-05-24,sh.603259,41.2014754500,41.6311548000,40.8195382500,40.8195382500,38130211
2024-05-27,sh.603259,41.0487005700,41.0964427200,39.6450813600,40.5044400600,55158020
2024-05-28,sh.603259,40.3230198900,40.9818615600,40.0843091400,40.3516651800,36706806
2024-05-29,sh.603259,40.2084387300,40.5808275000,40.1702450100,40.3612136100,30828844
2024-05-30,sh.603259,40.2084387300,40.3898589000,39.9601795500,40.0461154200,28587133
2024-05-31,sh.603259,40.3707620400,40.8290866800,40.1702450100,40.2084387300,37592593
2024-06-03,sh.603259,40.2657293100,40.3516651800,39.8265015300,40.1034060000,37109089
2024-06-04,sh.603259,40.1034060000,41.3447019000,40.0079217000,41.3256050400,60016316
2024-06-05,sh.603259,41.0582490000,41.3924440500,40.8768288300,40.9627647000,36537875
2024-06-06,sh.603259,41.2396691700,41.4879283500,40.5617306400,40.6572149400,40332118
2024-06-07,sh.603259,40.6763118000,40.9627647000,40.2084387300,40.4757947700,30669945
2024-06-11,sh.603259,40.3325683200,40.5808275000,39.6737266500,40.5426337800,33580654
2024-06-12,sh.603259,40.6763118000,44.0373591600,40.5999243600,43.3307753400,151234823
2024-06-13,sh.603259,43.2543879000,43.6554219600,42.6623852400,42.9679350000,97421815
2024-06-14,sh.603259,42.6814821000,42.7196758200,41.7266391000,41.7266391000,109469542
2024-06-17,sh.603259,41.5929610800,42.4332229200,41.5547673600,41.9844467100,48520692
2024-06-18,sh.603259,41.9080592700,42.0035435700,39.9124374000,40.6094727900,77222715
2024-06-19,sh.603259,40.5330853500,40.6667633700,40.0079217000,40.0461154200,46952331
2024-06-20,sh.603259,40.0843091400,40.4376010500,39.2249504400,39.2344988700,59777548
2024-06-21,sh.603259,39.0339818400,39.0339818400,38.3369464500,38.6615930700,42664129
2024-06-24,sh.603259,38.4133338900,39.0148849800,38.0791388400,38.5947540600,37079054
2024-06-25,sh.603259,38.6043024900,38.9957881200,38.3560433100,38.6615930700,30964537
2024-06-26,sh.603259,38.8377523200,39.4935309000,38.3190021000,39.3565025400,32157374
2024-06-27,sh.603259,39.1509600000,39.1901109600,38.4951814200,38.4951814200,26142402
2024-06-28,sh.603259,38.4070917600,38.8279645800,38.2602756600,38.3581530600,25880235
2024-07-01,sh.603259,38.3679408000,38.4658182000,37.3989545400,37.8394028400,32804792
2024-07-02,sh.603259,37.7415254400,38.0155821600,37.4185300200,37.4772564600,25926535
2024-07-03,sh.603259,37.4185300200,38.4462427200,37.0759591200,37.8785538000,37665573
2024-07-04,sh.603259,37.6827990000,37.7708886600,36.7921146600,36.8019024000,32468587
2024-07-05,sh.603259,36.7333882200,37.6338603000,36.4006050600,37.2129874800,33783432
2024-07-08,sh.603259,37.1934120000,37.2031997400,35.9993077200,36.0873973800,34111705
2024-07-09,sh.603259,36.0188832000,36.6452985600,35.5882226400,36.4691192400,38434755
2024-07-10,sh.603259,36.3027276600,37.4576809800,36.1754870400,36.7431759600,35402687
2024-07-11,sh.603259,37.3891668000,38.2407001800,37.2423507000,37.9960066800,49281455
2024-07-12,sh.603259,37.9177047600,38.6517852600,37.8785538000,37.9764312000,35947432
2024-07-15,sh.603259,37.7121622200,37.9764312000,37.1444733000,37.2423507000,28378634
2024-07-16,sh.603259,37.1346855600,37.8589783200,37.1151100800,37.6730112600,24313896
2024-07-17,sh.603259,37.6632235200,38.6909362200,37.4968319400,38.3875162800,44177136
2024-07-18,sh.603259,38.2700634000,38.6126343000,37.9372802400,38.4951814200,34485024
2024-07-19,sh.603259,38.2896388800,38.8866910200,38.0449453800,38.7594504000,34269525
2024-07-22,sh.603259,38.7300871800,39.4837431600,38.5636956000,39.2194741800,40000621
2024-07-23,sh.603259,39.0041439000,39.1020213000,38.3092143600,38.3679408000,31913839
2024-07-24,sh.603259,38.3581530600,39.0335071200,37.6827990000,37.8296151000,29181638
2024-07-25,sh.603259,37.5947093400,38.7300871800,37.5164074200,38.4266672400,31644838
2024-07-26,sh.603259,38.5245446400,38.9845684200,38.3190021000,38.7007239600,25293667
2024-07-29,sh.603259,38.6909362200,38.8083891000,37.7806764000,38.1721860000,29456877
2024-07-30,sh.603259,39.1509600000,40.6191210000,39.1509600000,39.8263140600,100484930
2024-07-31,sh.603259,39.7969508400,41.7740743200,39.7284366600,41.6370459600,82355479
2024-08-01,sh.603259,41.6761969200,41.7544988400,40.9714796400,41.4021402000,54472771
2024-08-02,sh.603259,41.2846873200,42.8800889400,41.1672344400,41.9991923400,75936404
2024-08-05,sh.603259,41.7544988400,42.8605134600,41.5195930800,41.5881072600,63580250
2024-08-06,sh.603259,42.0383433000,42.7724238000,41.5978950000,42.4787916000,57347347
2024-08-07,sh.603259,42.3907019400,42.4787916000,41.8230130200,41.9894046000,34386071
2024-08-08,sh.603259,41.7936498000,42.3417632400,41.5685317800,41.5978950000,34853044
2024-08-09,sh.603259,41.7251356200,41.8719517200,40.6191210000,40.6191210000,43452449
2024-08-12,sh.603259,40.6093332600,40.8344512800,40.2080359200,40.5016681200,23924225
2024-08-13,sh.603259,40.5701823000,40.6191210000,39.9339792000,40.3254888000,23184156
2024-08-14,sh.603259,40.2961255800,40.3157010600,38.9943561600,39.0237193800,35728744
2024-08-15,sh.603259,38.9649929400,39.7186489200,38.7986013600,39.2782006200,28115376
2024-08-16,sh.603259,39.2879883600,39.6305592600,38.8083891000,39.3662902800,24500807
2024-08-19,sh.603259,39.2586251400,39.5914083000,38.8279645800,38.9258419800,22555142
2024-08-20,sh.603259,39.0530826000,39.1313845200,38.3777285400,38.4658182000,19110928
2024-08-21,sh.603259,38.5734833400,38.5832710800,37.7806764000,37.9177047600,24405877
2024-08-22,sh.603259,37.8589783200,38.1623982600,36.6061476000,36.7040250000,38646923
2024-08-23,sh.603259,36.6942372600,36.9585062400,36.5474211600,36.6942372600,18963321
2024-08-26,sh.603259,36.7236004800,37.3891668000,36.5180579400,37.3304403600,30918358
2024-08-27,sh.603259,37.1934120000,37.6142848200,36.8997798000,37.2619261800,21677917
2024-08-28,sh.603259,37.1836242600,37.6632235200,36.9095675400,37.4870442000,23596339
2024-08-29,sh.603259,37.2912894000,38.1428227800,37.0368081600,37.8883415400,31305477
2024-08-30,sh.603259,38.0547331200,38.7790258800,37.6142848200,38.3483653200,41064074
2024-09-02,sh.603259,38.2211247000,38.3483653200,36.9193552800,36.9389307600,36211041
2024-09-03,sh.603259,36.9389307600,37.7121622200,36.8214778800,37.5751338600,27042798
2024-09-04,sh.603259,37.4185300200,38.8671155400,37.3989545400,38.5636956000,43153870
2024-09-05,sh.603259,38.5147569000,39.5033186400,38.5147569000,38.8181768400,30481701
2024-09-06,sh.603259,38.8181768400,38.8769032800,37.9568557200,37.9764312000,19939377
2024-09-09,sh.603259,37.9372802400,39.7186489200,37.8589783200,38.5734833400,51741414
2024-09-10,sh.603259,38.1721860000,38.1721860000,36.0776096400,36.4984824600,72796613
2024-09-11,sh.603259,36.7529637000,37.8589783200,36.5474211600,37.7219499600,49095767
2024-09-12,sh.603259,37.7415254400,39.3760780200,37.6827990000,38.9160542400,56502329
2024-09-13,sh.603259,39.1313845200,39.8165263200,38.9160542400,38.9747806800,45209438
2024-09-18,sh.603259,38.9160542400,39.2488374000,38.5734833400,39.1705354800,22206883
2024-09-19,sh.603259,39.2977761000,40.2276114000,39.0237193800,39.8165263200,43310009
2024-09-20,sh.603259,39.8165263200,40.0514320800,39.5033186400,39.7186489200,28698646
2024-09-23,sh.603259,42.0872820000,42.8605134600,40.5603945600,40.8638145000,103603589
2024-09-24,sh.603259,41.1085080000,41.6174704800,40.0220688600,41.5978950000,83010374
2024-09-25,sh.603259,42.0383433000,43.4967165600,41.5978950000,41.8034375400,124264408
2024-09-26,sh.603259,40.9519041600,42.4102774200,40.6191210000,42.3515509800,96158296
2024-09-27,sh.603259,43.0660560000,46.5896424000,43.0660560000,46.5896424000,116014674
2024-09-30,sh.603259,51.2486066400,51.2486066400,49.8195966000,51.2486066400,150933792
2024-10-08,sh.603259,56.3773824000,56.3773824000,53.3627584800,56.3773824000,210749003
2024-10-09,sh.603259,56.3088682200,58.2370530000,53.7151171200,54.6058014600,182769568
2024-10-10,sh.603259,54.8896459200,56.3871701400,53.3040320400,53.7640558200,117117450
2024-10-11,sh.603259,52.8342205200,52.8342205200,49.6042663200,50.3579223000,106652642
2024-10-14,sh.603259,50.8473093000,51.0724273200,49.3302096000,50.7983706000,78022342
2024-10-15,sh.603259,50.8179460800,51.1898802000,48.9876387000,49.0170019200,64582620
2024-10-16,sh.603259,47.9599260000,48.7037942400,47.4705390000,47.9207750400,59490609
2024-10-17,sh.603259,48.2535582000,48.4884639600,47.1377558400,47.1573313200,48738750
2024-10-18,sh.603259,46.7853972000,50.3774977800,46.7658217200,49.1540302800,98291391
2024-10-21,sh.603259,49.4476624800,49.8391720800,48.5667658800,49.2910586400,71842206
2024-10-22,sh.603259,49.1442425400,50.3481345600,48.8408226000,49.7217192000,57435110
2024-10-23,sh.603259,49.7412946800,51.3856350000,49.2323322000,50.3970732600,86032533
2024-10-24,sh.603259,50.3970732600,50.7592196400,48.8506103400,49.0757283600,69684537
2024-10-25,sh.603259,48.8212471200,52.0316258400,48.7429452000,51.8750220000,114701118
2024-10-28,sh.603259,51.8456587800,52.5210128400,51.0920028000,52.3056825600,69259762
2024-10-29,sh.603259,54.7624053000,54.9581601000,52.2861070800,52.3546212600,108811925
2024-10-30,sh.603259,51.8848097400,52.5405883200,50.6221912800,51.0332763600,65279624
2024-10-31,sh.603259,50.6613422400,51.8358710400,50.4068610000,50.8962480000,53455433
2024-11-01,sh.603259,50.6026158000,51.3366963000,49.9174740000,50.0642901000,51157300
2024-11-04,sh.603259,50.0642901000,51.3660595200,49.9957759200,50.8570970400,40771396
2024-11-05,sh.603259,50.8962480000,53.3040320400,50.2013184600,52.6482534600,80043023
2024-11-06,sh.603259,52.6580412000,55.3007310000,52.3937722200,53.7346926000,102920470
2024-11-07,sh.603259,52.5308005800,55.5160612800,52.3154703000,55.5160612800,90911107
2024-11-08,sh.603259,56.6318636400,56.8178307000,54.7330420800,54.9287968800,81524704
2024-11-11,sh.603259,54.3219570000,56.6220759000,54.2045041200,56.2109908200,65227233
2024-11-12,sh.603259,56.2990804800,59.7052140000,55.9467218400,57.0625242000,112714805
2024-11-13,sh.603259,56.3480191800,56.9646468000,54.4198344000,55.3594574400,75812969
2024-11-14,sh.603259,54.9973110600,55.5649999800,53.0984895000,53.2453056000,56726757
2024-11-15,sh.603259,52.8342205200,53.2942443000,51.7477813800,51.7477813800,53373584
2024-11-18,sh.603259,51.3562717800,51.9728994000,50.2698326400,50.5243138800,48239819
2024-11-19,sh.603259,50.8277338200,51.4639369200,49.6140540600,50.9745499200,42237317
2024-11-20,sh.603259,50.7004932000,51.9533239200,50.5830403200,51.4541491800,45149262
2024-11-21,sh.603259,51.3366963000,51.3464840400,50.6417667600,51.0626395800,28934843
2024-11-22,sh.603259,50.9060357400,50.9060357400,48.5080394400,48.5765536200,53904398
2024-11-25,sh.603259,48.5765536200,49.0757283600,47.5194777000,48.0578034000,34825244
2024-11-26,sh.603259,48.2437704600,48.7918839000,47.9011995600,47.9599260000,25269905
2024-11-27,sh.603259,47.9697137400,49.0170019200,47.9403505200,48.8603980800,35491469
2024-11-28,sh.603259,49.0072141800,49.2812709000,48.1948317600,48.3514356000,26474189
2024-11-29,sh.603259,48.3514356000,49.6042663200,48.2437704600,49.0757283600,35378989
2024-12-02,sh.603259,48.9484877400,50.2796203800,48.6450678000,50.1328042800,38367487
2024-12-03,sh.603259,50.0153514000,51.6499039800,49.8489598200,51.2094556800,52035928
2024-12-04,sh.603259,51.0920028000,51.1898802000,50.1132288000,50.3872855200,32394914
2024-12-05,sh.603259,50.3089836000,50.8375215600,49.9174740000,50.3187713400,25619160
2024-12-06,sh.603259,50.1132288000,55.1832781200,50.0153514000,54.0479002800,105503865
2024-12-09,sh.603259,58.3349304000,58.9221948000,56.5927126800,57.7280905200,156291106
2024-12-10,sh.603259,59.2256147400,59.4507327600,56.5241985000,56.7395287800,90935235
2024-12-11,sh.603259,56.2697172600,57.3365809200,55.9369341000,56.4654720600,46222364
2024-12-12,sh.603259,56.0837502000,56.3284437000,55.1539149000,55.8782076600,48225597
2024-12-13,sh.603259,55.3986084000,55.8879954000,54.9973110600,55.3007310000,58236843
2024-12-16,sh.603259,55.0168865400,55.8879954000,54.6841033800,55.0168865400,36168357
2024-12-17,sh.603259,54.8113440000,55.5943632000,54.2436550800,54.3219570000,30957289
2024-12-18,sh.603259,54.6155892000,55.2028536000,54.2828060400,54.9092214000,25541278
2024-12-19,sh.603259,54.3415324800,55.6237264200,54.1751409000,54.7232543400,30913689
2024-12-20,sh.603259,54.6938911200,55.3300942200,54.4296221400,54.6058014600,23471436
2024-12-23,sh.603259,54.4981363200,55.8390567000,54.4198344000,55.0658252400,34025500
2024-12-24,sh.603259,54.8798581800,55.3986084000,54.8798581800,55.2517923000,23649233
2024-12-25,sh.603259,56.2795050000,56.7688920000,54.3219570000,54.4589853600,38232954
2024-12-26,sh.603259,54.0968389800,54.8798581800,53.8325700000,54.3317447400,20462296
2024-12-27,sh.603259,54.2240796000,54.3023815200,53.1670036800,53.6270274600,32037905
2024-12-30,sh.603259,53.3921217000,55.2028536000,53.3627584800,54.9092214000,33545208
2024-12-31,sh.603259,54.8896459200,54.8896459200,53.8521454800,53.8717209600,27268815
2025-01-02,sh.603259,53.8619332200,54.1164144600,51.5813898000,51.9337484400,35081813
2025-01-03,sh.603259,51.9239607000,52.4427109200,51.1017905400,51.2583943800,25732736
2025-01-06,sh.603259,51.5716020600,52.3644090000,50.7102809400,51.7771446000,30660559
2025-01-07,sh.603259,51.4835124000,51.5324511000,50.3579223000,51.2681821200,28319426
2025-01-08,sh.603259,51.0528518400,51.4247859600,50.0447146200,50.8081583400,22650358
2025-01-09,sh.603259,50.8864602600,52.5112251000,50.8864602600,51.4933001400,21665269
2025-01-10,sh.603259,52.3350457800,53.1474282000,51.8162955600,52.2273806400,33453661
2025-01-13,sh.603259,51.5128756200,52.4916496200,51.3269085600,52.0414135800,20088452
2025-01-14,sh.603259,52.6678289400,54.1751409000,52.3839844800,53.8325700000,32668663
2025-01-15,sh.603259,53.7346926000,53.7346926000,51.4149982200,52.1490787200,38727050
2025-01-16,sh.603259,52.6776166800,53.5976642400,52.0805645400,52.3937722200,22088116
2025-01-17,sh.603259,52.0903522800,52.4329231800,51.7575691200,51.8750220000,20987941
2025-01-20,sh.603259,52.4818618800,55.4866980600,52.4818618800,54.8407072200,57883290
2025-01-21,sh.603259,54.8407072200,55.1049762000,53.3529707400,54.3121692600,37905400
2025-01-22,sh.603259,54.1066267200,54.4491976200,53.2159423800,53.4116971800,22344745
2025-01-23,sh.603259,53.9304474000,54.3708957000,53.2159423800,53.2257301200,23325664
2025-01-24,sh.603259,53.1963669000,55.7901180000,53.0299753200,54.6743156400,48068381
2025-01-27,sh.603259,54.6841033800,55.0854007200,54.1555654200,54.1849286400,21933654
2025-02-05,sh.603259,54.7134666000,55.0560375000,54.1066267200,54.8015562600,26988519
2025-02-06,sh.603259,54.8113440000,57.1212506400,54.5079240600,56.8178307000,47049082
2025-02-07,sh.603259,57.1701893400,57.7476660000,56.1816276000,56.9352835800,43621078
2025-02-10,sh.603259,56.7493165200,57.9238453200,56.7199533000,57.3561564000,30161814
2025-02-11,sh.603259,57.5519112000,57.6106376400,56.2795050000,56.2892927400,24211491
2025-02-12,sh.603259,56.3088682200,56.5535617200,55.7509670400,56.4067456200,27220846
2025-02-13,sh.603259,56.3773824000,56.8374061800,55.5454245000,55.6530896400,24749772
2025-02-14,sh.603259,55.8390567000,58.8830438400,55.8390567000,58.2174775200,72335570
2025-02-17,sh.603259,59.5486101600,61.2321014400,58.8243174000,60.9971956800,76688257
2025-02-18,sh.603259,60.6839880000,61.5844600800,59.8813933200,60.1750255200,47896392
2025-02-19,sh.603259,59.8813933200,62.6219605200,59.5094592000,61.1733750000,49371533
2025-02-20,sh.603259,61.1537995200,63.5028571200,60.8895305400,62.9938946400,53128670
2025-02-21,sh.603259,63.1309230000,67.7800995000,63.1309230000,66.9579293400,75372254
2025-02-24,sh.603259,65.7736128000,65.7736128000,62.0542716000,62.2598141400,96510621
2025-02-25,sh.603259,60.3903558000,61.9563942000,60.3903558000,61.1537995200,52598363
2025-02-26,sh.603259,61.6627620000,63.2581636200,61.4865826800,63.0624088200,43034189
2025-02-27,sh.603259,62.3968425000,63.0721965600,60.5469596400,61.1244363000,51139663
2025-02-28,sh.603259,60.5763228600,61.2712524000,59.3626431000,59.8324546200,42652905
2025-03-03,sh.603259,60.1358745600,60.6839880000,58.7655909600,59.3822185800,40376144
2025-03-04,sh.603259,58.8243174000,59.3724308400,58.3838691000,59.0983741200,31672279
2025-03-05,sh.603259,59.5681856400,59.6366998200,58.2566284800,58.6285626000,25860748
2025-03-06,sh.603259,59.2158270000,61.4082807600,59.2158270000,61.0559221200,43806681
2025-03-07,sh.603259,60.6839880000,61.8095781000,60.5371719000,61.1831627400,34912815
2025-03-10,sh.603259,61.9955451600,62.1423612600,60.0575726400,60.6839880000,28809317
2025-03-11,sh.603259,59.5975488600,60.4980209400,59.4213695400,60.3218416200,22514528
2025-03-12,sh.603259,60.4392945000,61.3887052800,60.0967236000,60.2826906600,20012391
2025-03-13,sh.603259,60.2631151800,60.6546247800,59.4898837200,59.8030914000,17031845
2025-03-14,sh.603259,60.0477849000,63.0428333400,59.8128791400,62.5534463400,55967015
2025-03-17,sh.603259,62.8372908000,63.1309230000,62.0738470800,62.6708992200,25984406
2025-03-18,sh.603259,66.3608772000,68.9350528200,65.7736128000,68.2009723200,97898373
2025-03-19,sh.603259,68.2107600600,69.1797463200,67.7605240200,68.5141800000,54903454
2025-03-20,sh.603259,68.5239677400,69.0329302200,66.8698396800,68.0933071800,39134459
2025-03-21,sh.603259,67.6920098400,68.0933071800,65.3038012800,65.5582825200,47039264
2025-03-24,sh.603259,65.5974334800,66.3608772000,65.3821032000,65.9302166400,27848937
2025-03-25,sh.603259,65.9008534200,66.4489668600,65.0199568200,65.1765606600,21148141
2025-03-26,sh.603259,65.1765606600,65.7148863600,64.2271498800,64.3446027600,21577690
2025-03-27,sh.603259,64.1096970000,66.6740848800,64.0020318600,66.5566320000,36547707
2025-03-28,sh.603259,66.5272687800,67.9954297800,66.1455469200,66.3510894600,29155668
2025-03-31,sh.603259,65.6757354000,67.0264435200,65.4604051200,65.8910656800,22671589
2025-04-01,sh.603259,66.2629998000,68.5141800000,66.0378817800,66.7817500200,47878141
2025-04-02,sh.603259,66.7817500200,66.7817500200,64.3739659800,64.6480227000,38346610
2025-04-03,sh.603259,64.1096970000,64.9808058600,62.0738470800,62.1717244800,50284049
2025-04-07,sh.603259,56.5829249400,57.1408261200,55.9565095800,55.9565095800,42101088
2025-04-08,sh.603259,56.8471939200,56.9059203600,50.3579223000,50.5145261400,127288498
2025-04-09,sh.603259,48.7429452000,50.1621675000,47.4509635200,50.1621675000,120709690
2025-04-10,sh.603259,52.6580412000,52.6678289400,50.8962480000,51.1898802000,83825963
2025-04-11,sh.603259,50.9941254000,51.7282059000,50.3579223000,50.9941254000,63119852
2025-04-14,sh.603259,51.8750220000,53.1082772400,51.6303285000,51.9826871400,62562509
2025-04-15,sh.603259,51.9337484400,51.9337484400,50.7983706000,51.4639369200,38832857
2025-04-16,sh.603259,51.2877576000,51.2877576000,50.0153514000,51.2486066400,40987053
2025-04-17,sh.603259,50.8766725200,51.4737246600,50.7200686800,51.3954227400,26699497
2025-04-18,sh.603259,51.4443614400,52.3154703000,51.2388189000,51.7282059000,24025518
2025-04-21,sh.603259,51.7379936400,52.8342205200,51.4835124000,52.7461308600,25889868
2025-04-22,sh.603259,52.5405883200,53.7836313000,52.2371683800,53.3921217000,37034654
2025-04-23,sh.603259,54.6253769400,55.6335141600,54.4687731000,55.0266742800,48797630
2025-04-24,sh.603259,55.0266742800,56.4850475400,54.8113440000,55.2224290800,37275533
2025-04-25,sh.603259,55.9075708800,56.6905900800,55.5747877200,56.1424766400,32632846
2025-04-28,sh.603259,56.1326889000,57.3267931800,55.4964858000,56.8569816600,35113590
2025-04-29,sh.603259,58.2370530000,60.2729029200,57.9727840200,59.1668883000,67722044
2025-04-30,sh.603259,59.4996714600,59.5094592000,57.8357556600,57.9140575800,43039531
2025-05-06,sh.603259,59.6954262600,59.8422423600,58.6089871200,59.0592231600,40910740
2025-05-07,sh.603259,60.0967236000,60.0967236000,56.6905900800,57.0135855000,64309752
2025-05-08,sh.603259,57.0233732400,58.1293878600,56.8569816600,57.7280905200,34488482
2025-05-09,sh.603259,57.5519112000,58.1293878600,57.2387035200,57.8063924400,24089989
2025-05-12,sh.603259,56.7688920000,58.7068645200,56.7688920000,58.1489633400,37304930
2025-05-13,sh.603259,59.3137044000,59.3234921400,58.4328078000,58.5894116400,30386693
2025-05-14,sh.603259,58.9124070600,59.9792707200,58.3545058800,59.7345772200,34142847
2025-05-15,sh.603259,59.8030914000,61.0167711600,59.5094592000,60.0869358600,34311570
2025-05-16,sh.603259,59.7052140000,60.0967236000,59.1179496000,60.0575726400,21007650
2025-05-19,sh.603259,59.8030914000,59.8813933200,58.8732561000,59.7541527000,17931667
2025-05-20,sh.603259,59.9988462000,61.6431865200,59.9988462000,61.3299788400,31864802
2025-05-21,sh.603259,61.2800000000,62.7500000000,60.9000000000,62.0500000000,29769258
2025-05-22,sh.603259,61.5000000000,63.1200000000,60.9000000000,62.7900000000,35359915
2025-05-23,sh.603259,62.7700000000,64.2100000000,61.9700000000,62.0500000000,45797261
2025-05-26,sh.603259,62.0500000000,63.0200000000,61.4200000000,61.6700000000,29521148
2025-05-27,sh.603259,61.9900000000,62.6600000000,61.5400000000,62.2000000000,21914977
2025-05-28,sh.603259,62.2000000000,62.3900000000,61.5600000000,61.6500000000,15864741
2025-05-29,sh.603259,61.8500000000,64.7300000000,61.8200000000,64.7000000000,42527115
2025-05-30,sh.603259,64.0000000000,64.6300000000,63.5100000000,63.5100000000,28171565
2025-06-03,sh.603259,63.8300000000,64.5800000000,63.5000000000,64.4700000000,24032722
2025-06-04,sh.603259,64.4500000000,65.4300000000,64.0300000000,65.1200000000,28811339
2025-06-05,sh.603259,65.1300000000,65.2100000000,63.7200000000,64.4800000000,24417831
2025-06-06,sh.603259,64.4800000000,64.5800000000,63.7000000000,64.0000000000,20756394
2025-06-09,sh.603259,64.3900000000,65.8800000000,63.9600000000,64.8000000000,33232837
2025-06-10,sh.603259,64.8100000000,66.3200000000,64.6000000000,64.9000000000,35314261
2025-06-11,sh.603259,65.3000000000,65.5500000000,64.7200000000,65.0500000000,25372423
2025-06-12,sh.603259,65.0600000000,67.8000000000,64.7500000000,67.7100000000,47755525
2025-06-13,sh.603259,67.7100000000,69.9400000000,67.3100000000,68.2700000000,56161546
2025-06-16,sh.603259,67.8500000000,69.3900000000,66.6000000000,68.4600000000,32435887
2025-06-17,sh.603259,69.0000000000,69.3700000000,66.3600000000,66.5000000000,36580840
2025-06-18,sh.603259,66.3000000000,66.9900000000,65.5000000000,65.7000000000,34024258
2025-06-19,sh.603259,65.7100000000,66.2400000000,64.5000000000,64.9300000000,25325873
2025-06-20,sh.603259,64.9800000000,65.5000000000,64.8000000000,65.2700000000,21099073
2025-06-23,sh.603259,64.6600000000,65.4300000000,63.9100000000,65.2700000000,25850252
2025-06-24,sh.603259,65.6000000000,66.8400000000,65.6000000000,66.8400000000,29053135
2025-06-25,sh.603259,67.2000000000,67.9400000000,66.3300000000,67.8100000000,24862764
2025-06-26,sh.603259,67.5000000000,67.5000000000,65.5200000000,65.6800000000,31567730
2025-06-27,sh.603259,65.6800000000,66.4200000000,65.3200000000,65.8300000000,19691383
2025-06-30,sh.603259,65.7200000000,69.6500000000,65.6000000000,69.5500000000,46834337
2025-07-01,sh.603259,69.1100000000,71.3900000000,69.1100000000,70.7000000000,34360885
2025-07-02,sh.603259,70.9800000000,71.3800000000,69.9600000000,70.2000000000,21889138
2025-07-03,sh.603259,70.2000000000,71.0700000000,69.9000000000,70.7200000000,22708099
2025-07-04,sh.603259,70.7200000000,71.6500000000,70.0400000000,70.8200000000,23136591
2025-07-07,sh.603259,70.7500000000,70.7500000000,69.2200000000,69.8400000000,21036866
2025-07-08,sh.603259,69.6300000000,70.8800000000,69.5500000000,70.4000000000,19888448
2025-07-09,sh.603259,69.3900000000,70.9800000000,68.9000000000,69.7000000000,23089854
2025-07-10,sh.603259,69.8100000000,71.3900000000,69.8100000000,70.1400000000,29862153
2025-07-11,sh.603259,73.5000000000,77.1500000000,73.3000000000,77.1500000000,81113216
2025-07-14,sh.603259,77.5000000000,79.5200000000,77.2100000000,78.6000000000,78030080
2025-07-15,sh.603259,78.9400000000,80.8600000000,78.9400000000,80.0800000000,45216480
2025-07-16,sh.603259,79.6600000000,80.4700000000,78.3800000000,78.8100000000,31624768
2025-07-17,sh.603259,78.9100000000,81.4900000000,78.5300000000,81.0200000000,41583700
2025-07-18,sh.603259,81.2100000000,83.1400000000,81.2100000000,82.6000000000,41579552
2025-07-21,sh.603259,82.6100000000,83.4900000000,80.8400000000,82.7600000000,49675278
2025-07-22,sh.603259,82.1200000000,85.9300000000,82.0000000000,82.7800000000,45281369
2025-07-23,sh.603259,83.8000000000,85.5900000000,83.3000000000,84.0600000000,48992806
2025-07-24,sh.603259,83.6600000000,87.0000000000,83.5100000000,87.0000000000,47977765
2025-07-25,sh.603259,87.0000000000,91.2000000000,86.3900000000,88.8800000000,61094107
2025-07-28,sh.603259,89.5000000000,91.6200000000,88.8100000000,91.6200000000,53268026
2025-07-29,sh.603259,93.4500000000,99.7600000000,90.7000000000,98.6900000000,94014709
2025-07-30,sh.603259,98.6000000000,102.4900000000,97.2500000000,98.8500000000,92913994
2025-07-31,sh.603259,96.0000000000,98.8500000000,94.9200000000,96.2700000000,98354070
2025-08-01,sh.603259,95.5900000000,96.3900000000,92.3600000000,93.0000000000,89326337
